full_name,surname,middle_name,given_name,gender
Nguyễn Bích Như,Nguyễn,Bích,Như,Female
Hoàng Vĩnh Long,Hoàng,Vĩnh,Long,Male
Trương Ngọc Tú,Trương,Ngọc,Tú,Female
Nguyễn Hữu Bảo,Nguyễn,Hữu,Bảo,Male
Mai Văn Trí,Mai,Văn,Trí,Male
Trương Thanh Trọng,Trương,Thanh,Trọng,Male
Võ Bảo Minh,Võ,Bảo,Minh,Male
Huỳnh Bích Ngân,Huỳnh,Bích,Ngân,Female
Hoàng Minh Khánh,Hoàng,Minh,Khánh,Male
Hồ Hữu Nam,Hồ,Hữu,Nam,Male
Mai Hương Trang,Mai,Hương,Trang,Female
Trương Ngọc Lộc,Trương,Ngọc,Lộc,Female
Đặng Gia Thắng,Đặng,Gia,Thắng,Male
Đỗ Ánh Ngọc,Đỗ,Ánh,Ngọc,Female
Trần Trinh Diễm,Trần,Trinh,Diễm,Female
Lê Như Diễm,Lê,Như,Diễm,Female
Hồ Hương Khánh,Hồ,Hương,Khánh,Female
Đỗ Thanh Giang,Đỗ,Thanh,Giang,Female
Võ Vĩnh Thịnh,Võ,Vĩnh,Thịnh,Male
Huỳnh Trung Trung,Huỳnh,Trung,Trung,Male
Hồ Anh Thắng,Hồ,Anh,Thắng,Male
Vũ Trinh Nhi,Vũ,Trinh,Nhi,Female
Trần Thùy Trang,Trần,Thùy,Trang,Female
Hồ Hương Hoa,Hồ,Hương,Hoa,Female
Tạ Phúc Tú,Tạ,Phúc,Tú,Male
Lý Thanh Thịnh,Lý,Thanh,Thịnh,Male
Võ Quốc Trung,Võ,Quốc,Trung,Male
Trương Hương Tú,Trương,Hương,Tú,Female
Tạ Thanh Khôi,Tạ,Thanh,Khôi,Male
Hoàng Trung Đức,Hoàng,Trung,Đức,Male
Trần Gia Huy,Trần,Gia,Huy,Male
Huỳnh Bảo An,Huỳnh,Bảo,An,Male
Hồ Kim Thuỷ,Hồ,Kim,Thuỷ,Female
Lâm Hương Loan,Lâm,Hương,Loan,Female
Nguyễn Trinh Phương,Nguyễn,Trinh,Phương,Female
Trương Lan Như,Trương,Lan,Như,Female
Bùi Ngọc Quỳnh,Bùi,Ngọc,Quỳnh,Female
Dương Văn Đạt,Dương,Văn,Đạt,Male
Huỳnh Diệu Thủy,Huỳnh,Diệu,Thủy,Female
Đặng Như Khanh,Đặng,Như,Khanh,Female
Phan Thanh Giang,Phan,Thanh,Giang,Female
Trương Lan Hồng,Trương,Lan,Hồng,Female
Mai Thu Ly,Mai,Thu,Ly,Female
Đỗ Phúc Tiến,Đỗ,Phúc,Tiến,Male
Vũ Phúc Văn,Vũ,Phúc,Văn,Male
Lê Bích Ly,Lê,Bích,Ly,Female
Trương Lan Mai,Trương,Lan,Mai,Female
Lý Trung Hiếu,Lý,Trung,Hiếu,Male
Mai Thanh Bảo,Mai,Thanh,Bảo,Male
Phan Bích Thảo,Phan,Bích,Thảo,Female
Đỗ Tuấn Hoài,Đỗ,Tuấn,Hoài,Male
Vũ Minh Dũng,Vũ,Minh,Dũng,Male
Tạ Trung Trọng,Tạ,Trung,Trọng,Male
Nguyễn Ngọc Khanh,Nguyễn,Ngọc,Khanh,Female
Lê Phúc Hùng,Lê,Phúc,Hùng,Male
Lê Diệu Thu,Lê,Diệu,Thu,Female
Lý Minh Hải,Lý,Minh,Hải,Male
Tạ Xuân Bình,Tạ,Xuân,Bình,Male
Lý Bảo Vinh,Lý,Bảo,Vinh,Male
Phạm Khắc An,Phạm,Khắc,An,Male
Ngô Tuấn Tuấn,Ngô,Tuấn,Tuấn,Male
Phạm Thị Trúc,Phạm,Thị,Trúc,Female
Phạm Thùy Ngọc,Phạm,Thùy,Ngọc,Female
Dương Quốc An,Dương,Quốc,An,Male
Dương Minh Dũng,Dương,Minh,Dũng,Male
Trương Hữu Tuấn,Trương,Hữu,Tuấn,Male
Trương Như Linh,Trương,Như,Linh,Female
Vũ Thanh Uyên,Vũ,Thanh,Uyên,Female
Phan Gia Lâm,Phan,Gia,Lâm,Male
Huỳnh Kim Linh,Huỳnh,Kim,Linh,Female
Võ Phương Khánh,Võ,Phương,Khánh,Female
Trương Khắc Đức,Trương,Khắc,Đức,Male
Đặng Minh Tuấn,Đặng,Minh,Tuấn,Male
Trương Thị Nhi,Trương,Thị,Nhi,Female
Tạ Tuấn Cường,Tạ,Tuấn,Cường,Male
Lâm Thanh Nhung,Lâm,Thanh,Nhung,Female
Lê Như Vy,Lê,Như,Vy,Female
Lê Khắc Trung,Lê,Khắc,Trung,Male
Tạ Minh Phước,Tạ,Minh,Phước,Male
Mai Ngọc Uyên,Mai,Ngọc,Uyên,Female
Tạ Diệu Nhi,Tạ,Diệu,Nhi,Female
Phan Trinh Nhi,Phan,Trinh,Nhi,Female
Hồ Quốc Hoàn,Hồ,Quốc,Hoàn,Male
Dương Thu Hoa,Dương,Thu,Hoa,Female
Mai Xuân Long,Mai,Xuân,Long,Male
Phan Trung Đạt,Phan,Trung,Đạt,Male
Đỗ Phúc Dũng,Đỗ,Phúc,Dũng,Male
Đỗ Hương Hà,Đỗ,Hương,Hà,Female
Trương Vĩnh Tiến,Trương,Vĩnh,Tiến,Male
Lâm Thị Loan,Lâm,Thị,Loan,Female
Phạm Phúc Khoa,Phạm,Phúc,Khoa,Male
Phạm Vĩnh Trí,Phạm,Vĩnh,Trí,Male
Đặng Xuân Bảo,Đặng,Xuân,Bảo,Male
Phan Trinh Khanh,Phan,Trinh,Khanh,Female
Lâm Mai Yến,Lâm,Mai,Yến,Female
Trần Ngọc Khanh,Trần,Ngọc,Khanh,Female
Võ Văn Minh,Võ,Văn,Minh,Male
Hoàng Khắc Đạt,Hoàng,Khắc,Đạt,Male
Dương Trung An,Dương,Trung,An,Male
Phạm Ngọc Ánh,Phạm,Ngọc,Ánh,Female
Đỗ Ánh Loan,Đỗ,Ánh,Loan,Female
Hoàng Văn Tiến,Hoàng,Văn,Tiến,Male
Trần Phúc Nam,Trần,Phúc,Nam,Male
Vũ Khắc Long,Vũ,Khắc,Long,Male
Trương Phúc Vinh,Trương,Phúc,Vinh,Male
Hoàng Phương Thu,Hoàng,Phương,Thu,Female
Huỳnh Phương Uyên,Huỳnh,Phương,Uyên,Female
Bùi Bảo Vinh,Bùi,Bảo,Vinh,Male
Vũ Hương Hà,Vũ,Hương,Hà,Female
Phạm Kim Trang,Phạm,Kim,Trang,Female
Vũ Thùy Khánh,Vũ,Thùy,Khánh,Female
Vũ Minh Anh,Vũ,Minh,Anh,Male
Hồ Thu Như,Hồ,Thu,Như,Female
Võ Thu Thi,Võ,Thu,Thi,Female
Trương Đức Anh,Trương,Đức,Anh,Male
Võ Quốc Phước,Võ,Quốc,Phước,Male
Võ Thị Thủy,Võ,Thị,Thủy,Female
Đỗ Bích Nhi,Đỗ,Bích,Nhi,Female
Lâm Hữu Kiên,Lâm,Hữu,Kiên,Male
Phan Hương Trang,Phan,Hương,Trang,Female
Nguyễn Diệu Nga,Nguyễn,Diệu,Nga,Female
Phan Thu Ngân,Phan,Thu,Ngân,Female
Bùi Xuân Tú,Bùi,Xuân,Tú,Male
Phạm Bích Thảo,Phạm,Bích,Thảo,Female
Ngô Thu Trúc,Ngô,Thu,Trúc,Female
Trương Thanh Ngọc,Trương,Thanh,Ngọc,Female
Hồ Khắc Hoàng,Hồ,Khắc,Hoàng,Male
Đặng Kim Loan,Đặng,Kim,Loan,Female
Đặng Hương Trâm,Đặng,Hương,Trâm,Female
Tạ Xuân Thịnh,Tạ,Xuân,Thịnh,Male
Dương Tuấn Bảo,Dương,Tuấn,Bảo,Male
Huỳnh Trinh Lan,Huỳnh,Trinh,Lan,Female
Mai Đức Quang,Mai,Đức,Quang,Male
Vũ Trinh Thảo,Vũ,Trinh,Thảo,Female
Phan Quốc Anh,Phan,Quốc,Anh,Male
Lý Xuân Dũng,Lý,Xuân,Dũng,Male
Tạ Minh Kiên,Tạ,Minh,Kiên,Male
Vũ Quốc Thịnh,Vũ,Quốc,Thịnh,Male
Phạm Lan Ngân,Phạm,Lan,Ngân,Female
Lâm Tuấn Tuấn,Lâm,Tuấn,Tuấn,Male
Phạm Mai Mai,Phạm,Mai,Mai,Female
Lâm Diệu Thuỷ,Lâm,Diệu,Thuỷ,Female
Dương Xuân Cường,Dương,Xuân,Cường,Male
Trương Tuấn Hiếu,Trương,Tuấn,Hiếu,Male
Lý Mai Yến,Lý,Mai,Yến,Female
Võ Lan Hồng,Võ,Lan,Hồng,Female
Vũ Anh Phong,Vũ,Anh,Phong,Male
Đặng Minh Phúc,Đặng,Minh,Phúc,Male
Trương Hữu Khoa,Trương,Hữu,Khoa,Male
Hồ Vĩnh Sơn,Hồ,Vĩnh,Sơn,Male
Lê Kim Uyên,Lê,Kim,Uyên,Female
Dương Thanh Tuấn,Dương,Thanh,Tuấn,Male
Ngô Thanh Phước,Ngô,Thanh,Phước,Male
Nguyễn Như Mỹ,Nguyễn,Như,Mỹ,Female
Nguyễn Đức Tiến,Nguyễn,Đức,Tiến,Male
Ngô Diệu Nga,Ngô,Diệu,Nga,Female
Vũ Mai Diễm,Vũ,Mai,Diễm,Female
Lý Văn Kiên,Lý,Văn,Kiên,Male
Hồ Vĩnh Hiếu,Hồ,Vĩnh,Hiếu,Male
Hoàng Ánh Nga,Hoàng,Ánh,Nga,Female
Hồ Xuân Văn,Hồ,Xuân,Văn,Male
Lê Trinh Ngân,Lê,Trinh,Ngân,Female
Dương Quốc Tuấn,Dương,Quốc,Tuấn,Male
Bùi Minh Khang,Bùi,Minh,Khang,Male
Hồ Anh Vinh,Hồ,Anh,Vinh,Male
Lê Tuấn Anh,Lê,Tuấn,Anh,Male
Trần Thu Diễm,Trần,Thu,Diễm,Female
Trần Lan Hương,Trần,Lan,Hương,Female
Phan Như Hương,Phan,Như,Hương,Female
Vũ Thanh Bích,Vũ,Thanh,Bích,Female
Tạ Thùy Khánh,Tạ,Thùy,Khánh,Female
Đỗ Thanh Thuỷ,Đỗ,Thanh,Thuỷ,Female
Phạm Lan Hà,Phạm,Lan,Hà,Female
Phạm Ánh Hương,Phạm,Ánh,Hương,Female
Tạ Trinh Lộc,Tạ,Trinh,Lộc,Female
Phan Hữu Phước,Phan,Hữu,Phước,Male
Vũ Ngọc Thảo,Vũ,Ngọc,Thảo,Female
Mai Lan Phương,Mai,Lan,Phương,Female
Tạ Lan Trang,Tạ,Lan,Trang,Female
Ngô Khắc Khôi,Ngô,Khắc,Khôi,Male
Bùi Văn Vinh,Bùi,Văn,Vinh,Male
Phạm Kim Giang,Phạm,Kim,Giang,Female
Dương Bích Ánh,Dương,Bích,Ánh,Female
Lâm Khắc Phúc,Lâm,Khắc,Phúc,Male
Trương Lan Bích,Trương,Lan,Bích,Female
Tạ Anh Tú,Tạ,Anh,Tú,Male
Lê Hương Anh,Lê,Hương,Anh,Female
Dương Xuân Sáng,Dương,Xuân,Sáng,Male
Bùi Thị Ly,Bùi,Thị,Ly,Female
Huỳnh Mai Trâm,Huỳnh,Mai,Trâm,Female
Võ Đức Phúc,Võ,Đức,Phúc,Male
Võ Diệu Linh,Võ,Diệu,Linh,Female
Phan Ngọc Thu,Phan,Ngọc,Thu,Female
Lý Diệu Thu,Lý,Diệu,Thu,Female
Lý Mai Hương,Lý,Mai,Hương,Female
Vũ Thanh Trung,Vũ,Thanh,Trung,Male
Tạ Đức Bình,Tạ,Đức,Bình,Male
Đỗ Kim Loan,Đỗ,Kim,Loan,Female
Dương Anh Tiến,Dương,Anh,Tiến,Male
Phạm Vĩnh Thiện,Phạm,Vĩnh,Thiện,Male
Trương Bảo Hoàng,Trương,Bảo,Hoàng,Male
Lý Anh Phước,Lý,Anh,Phước,Male
Lâm Ánh Quỳnh,Lâm,Ánh,Quỳnh,Female
Phan Hương Diễm,Phan,Hương,Diễm,Female
Đặng Văn Hải,Đặng,Văn,Hải,Male
Trần Văn Trí,Trần,Văn,Trí,Male
Hoàng Khắc Đức,Hoàng,Khắc,Đức,Male
Nguyễn Xuân Nhân,Nguyễn,Xuân,Nhân,Male
Dương Đức Hoàng,Dương,Đức,Hoàng,Male
Võ Như Bích,Võ,Như,Bích,Female
Lê Thanh Đức,Lê,Thanh,Đức,Male
Trần Quốc Sơn,Trần,Quốc,Sơn,Male
Đặng Ngọc Thu,Đặng,Ngọc,Thu,Female
Ngô Xuân Hạo,Ngô,Xuân,Hạo,Male
Vũ Lan Hồng,Vũ,Lan,Hồng,Female
Dương Anh Phước,Dương,Anh,Phước,Male
Đặng Ánh Nhật,Đặng,Ánh,Nhật,Female
Phạm Bảo Bảo,Phạm,Bảo,Bảo,Male
Võ Trinh Lan,Võ,Trinh,Lan,Female
Huỳnh Trung Dũng,Huỳnh,Trung,Dũng,Male
Ngô Tuấn Hạo,Ngô,Tuấn,Hạo,Male
Trần Minh Nhân,Trần,Minh,Nhân,Male
Dương Ngọc Diễm,Dương,Ngọc,Diễm,Female
Tạ Trinh Ngọc,Tạ,Trinh,Ngọc,Female
Trương Minh Thịnh,Trương,Minh,Thịnh,Male
Võ Gia Sơn,Võ,Gia,Sơn,Male
Huỳnh Bảo Tiến,Huỳnh,Bảo,Tiến,Male
Tạ Phương Quỳnh,Tạ,Phương,Quỳnh,Female
Dương Vĩnh Tiến,Dương,Vĩnh,Tiến,Male
Võ Diệu Nga,Võ,Diệu,Nga,Female
Lê Xuân Hùng,Lê,Xuân,Hùng,Male
Bùi Ánh Yến,Bùi,Ánh,Yến,Female
Vũ Khắc Văn,Vũ,Khắc,Văn,Male
Nguyễn Lan Như,Nguyễn,Lan,Như,Female
Huỳnh Mai Hồng,Huỳnh,Mai,Hồng,Female
Võ Thanh Tú,Võ,Thanh,Tú,Female
Lý Hữu Bình,Lý,Hữu,Bình,Male
Bùi Đức Hoàn,Bùi,Đức,Hoàn,Male
Huỳnh Đức Vinh,Huỳnh,Đức,Vinh,Male
Đặng Trinh Trúc,Đặng,Trinh,Trúc,Female
Trương Thị Khánh,Trương,Thị,Khánh,Female
Võ Đức Huy,Võ,Đức,Huy,Male
Hồ Như Thi,Hồ,Như,Thi,Female
Nguyễn Trinh Nga,Nguyễn,Trinh,Nga,Female
Trần Minh Hoài,Trần,Minh,Hoài,Male
Lý Khắc Phong,Lý,Khắc,Phong,Male
Phan Hương Loan,Phan,Hương,Loan,Female
Đặng Tuấn Đức,Đặng,Tuấn,Đức,Male
Mai Bảo Trung,Mai,Bảo,Trung,Male
Đặng Diệu Linh,Đặng,Diệu,Linh,Female
Lê Thùy Phương,Lê,Thùy,Phương,Female
Phạm Khắc Sơn,Phạm,Khắc,Sơn,Male
Đặng Trung Phúc,Đặng,Trung,Phúc,Male
Lý Tuấn Trung,Lý,Tuấn,Trung,Male
Hoàng Thanh Thiện,Hoàng,Thanh,Thiện,Male
Lâm Bích Mai,Lâm,Bích,Mai,Female
Võ Lan Uyên,Võ,Lan,Uyên,Female
Lâm Anh Minh,Lâm,Anh,Minh,Male
Đặng Gia Phước,Đặng,Gia,Phước,Male
Lý Như Ánh,Lý,Như,Ánh,Female
Lý Đức Khánh,Lý,Đức,Khánh,Male
Trương Kim Khánh,Trương,Kim,Khánh,Female
Phan Bích Thu,Phan,Bích,Thu,Female
Vũ Như Uyên,Vũ,Như,Uyên,Female
Lý Vĩnh Kiên,Lý,Vĩnh,Kiên,Male
Hoàng Tuấn Hùng,Hoàng,Tuấn,Hùng,Male
Tạ Đức Long,Tạ,Đức,Long,Male
Dương Ngọc Hồng,Dương,Ngọc,Hồng,Female
Nguyễn Bích Ánh,Nguyễn,Bích,Ánh,Female
Hoàng Hữu Bình,Hoàng,Hữu,Bình,Male
Võ Thu Nhật,Võ,Thu,Nhật,Female
Lê Như My,Lê,Như,My,Female
Trương Kim Nhi,Trương,Kim,Nhi,Female
Lý Như Nga,Lý,Như,Nga,Female
Lê Minh Thắng,Lê,Minh,Thắng,Male
Đặng Thùy Lan,Đặng,Thùy,Lan,Female
Phạm Bảo Thắng,Phạm,Bảo,Thắng,Male
Phạm Mai Hà,Phạm,Mai,Hà,Female
Nguyễn Thị Nhi,Nguyễn,Thị,Nhi,Female
Đặng Thu Giang,Đặng,Thu,Giang,Female
Vũ Trung Vinh,Vũ,Trung,Vinh,Male
Huỳnh Thanh Vy,Huỳnh,Thanh,Vy,Female
Hồ Xuân Trung,Hồ,Xuân,Trung,Male
Tạ Quốc Trọng,Tạ,Quốc,Trọng,Male
Võ Tuấn Đạt,Võ,Tuấn,Đạt,Male
Dương Phương Quỳnh,Dương,Phương,Quỳnh,Female
Huỳnh Ngọc Anh,Huỳnh,Ngọc,Anh,Female
Tạ Hương Khanh,Tạ,Hương,Khanh,Female
Võ Mai Thảo,Võ,Mai,Thảo,Female
Hồ Gia Bình,Hồ,Gia,Bình,Male
Hồ Xuân Nam,Hồ,Xuân,Nam,Male
Đặng Thị Trúc,Đặng,Thị,Trúc,Female
Tạ Gia Tuấn,Tạ,Gia,Tuấn,Male
Lý Như Quỳnh,Lý,Như,Quỳnh,Female
Vũ Ánh Hạnh,Vũ,Ánh,Hạnh,Female
Phan Xuân Đạt,Phan,Xuân,Đạt,Male
Hoàng Trinh Thủy,Hoàng,Trinh,Thủy,Female
Trần Hương Anh,Trần,Hương,Anh,Female
Đỗ Vĩnh Khoa,Đỗ,Vĩnh,Khoa,Male
Đặng Đức Vinh,Đặng,Đức,Vinh,Male
Hoàng Bảo Hải,Hoàng,Bảo,Hải,Male
Đỗ Diệu Thi,Đỗ,Diệu,Thi,Female
Huỳnh Hương Bích,Huỳnh,Hương,Bích,Female
Đặng Bích My,Đặng,Bích,My,Female
Dương Ngọc Ánh,Dương,Ngọc,Ánh,Female
Vũ Như Trúc,Vũ,Như,Trúc,Female
Trương Thu Lan,Trương,Thu,Lan,Female
Nguyễn Hương Nga,Nguyễn,Hương,Nga,Female
Đỗ Khắc Đạt,Đỗ,Khắc,Đạt,Male
Đỗ Ngọc Diễm,Đỗ,Ngọc,Diễm,Female
Mai Phúc Trí,Mai,Phúc,Trí,Male
Mai Minh Thịnh,Mai,Minh,Thịnh,Male
Dương Phúc Tiến,Dương,Phúc,Tiến,Male
Phạm Thanh Trang,Phạm,Thanh,Trang,Female
Đặng Mai Phương,Đặng,Mai,Phương,Female
Trương Quốc Kiên,Trương,Quốc,Kiên,Male
Trương Thanh Phước,Trương,Thanh,Phước,Male
Hoàng Phương Uyên,Hoàng,Phương,Uyên,Female
Lý Ánh Uyên,Lý,Ánh,Uyên,Female
Võ Thị Giang,Võ,Thị,Giang,Female
Dương Minh Khôi,Dương,Minh,Khôi,Male
Đỗ Trung Thịnh,Đỗ,Trung,Thịnh,Male
Hồ Anh Thiện,Hồ,Anh,Thiện,Male
Dương Ngọc Trâm,Dương,Ngọc,Trâm,Female
Mai Thị Nhung,Mai,Thị,Nhung,Female
Vũ Thanh Mỹ,Vũ,Thanh,Mỹ,Female
Trương Minh Phước,Trương,Minh,Phước,Male
Vũ Đức Sơn,Vũ,Đức,Sơn,Male
Mai Thị Như,Mai,Thị,Như,Female
Hoàng Thanh Nga,Hoàng,Thanh,Nga,Female
Huỳnh Hữu Hoàn,Huỳnh,Hữu,Hoàn,Male
Hoàng Thị Hạnh,Hoàng,Thị,Hạnh,Female
Vũ Ánh Nhi,Vũ,Ánh,Nhi,Female
Võ Văn Khoa,Võ,Văn,Khoa,Male
Lâm Ngọc Hoa,Lâm,Ngọc,Hoa,Female
Đỗ Trung Phước,Đỗ,Trung,Phước,Male
Lâm Minh Sáng,Lâm,Minh,Sáng,Male
Lâm Anh Khang,Lâm,Anh,Khang,Male
Nguyễn Thị Bích,Nguyễn,Thị,Bích,Female
Ngô Trinh Thủy,Ngô,Trinh,Thủy,Female
Dương Hữu Quang,Dương,Hữu,Quang,Male
Hoàng Hữu Khoa,Hoàng,Hữu,Khoa,Male
Tạ Trung Tú,Tạ,Trung,Tú,Male
Mai Trung Nhân,Mai,Trung,Nhân,Male
Mai Thanh Long,Mai,Thanh,Long,Male
Phạm Như Loan,Phạm,Như,Loan,Female
Phan Kim Anh,Phan,Kim,Anh,Female
Ngô Thu Khánh,Ngô,Thu,Khánh,Female
Phạm Đức An,Phạm,Đức,An,Male
Võ Đức Sơn,Võ,Đức,Sơn,Male
Lý Ngọc Lan,Lý,Ngọc,Lan,Female
Lê Kim Thủy,Lê,Kim,Thủy,Female
Đỗ Lan Mai,Đỗ,Lan,Mai,Female
Tạ Diệu Loan,Tạ,Diệu,Loan,Female
Phạm Thanh Nam,Phạm,Thanh,Nam,Male
Ngô Như Nhung,Ngô,Như,Nhung,Female
Mai Hương Hạnh,Mai,Hương,Hạnh,Female
Lâm Minh Sơn,Lâm,Minh,Sơn,Male
Vũ Như Thủy,Vũ,Như,Thủy,Female
Trương Đức Huy,Trương,Đức,Huy,Male
Tạ Thùy Ngân,Tạ,Thùy,Ngân,Female
Mai Ánh Loan,Mai,Ánh,Loan,Female
Võ Văn Hoàng,Võ,Văn,Hoàng,Male
Đặng Phúc Khánh,Đặng,Phúc,Khánh,Male
Huỳnh Gia Sơn,Huỳnh,Gia,Sơn,Male
Hồ Ngọc Ánh,Hồ,Ngọc,Ánh,Female
Nguyễn Ngọc Hồng,Nguyễn,Ngọc,Hồng,Female
Ngô Tuấn Khánh,Ngô,Tuấn,Khánh,Male
Đặng Vĩnh Tú,Đặng,Vĩnh,Tú,Male
Tạ Ánh Lan,Tạ,Ánh,Lan,Female
Hoàng Thanh Nhật,Hoàng,Thanh,Nhật,Female
Lê Anh Phong,Lê,Anh,Phong,Male
Lý Ánh Anh,Lý,Ánh,Anh,Female
Phan Bảo Cường,Phan,Bảo,Cường,Male
Ngô Hữu Nhân,Ngô,Hữu,Nhân,Male
Tạ Mai Hồng,Tạ,Mai,Hồng,Female
Trần Thùy Trúc,Trần,Thùy,Trúc,Female
Trần Thị Trâm,Trần,Thị,Trâm,Female
Phan Bảo Khoa,Phan,Bảo,Khoa,Male
Đặng Thu Phương,Đặng,Thu,Phương,Female
Ngô Quốc Khoa,Ngô,Quốc,Khoa,Male
Vũ Trung Trí,Vũ,Trung,Trí,Male
Đỗ Ngọc Trúc,Đỗ,Ngọc,Trúc,Female
Trần Kim Hương,Trần,Kim,Hương,Female
Lê Gia Tú,Lê,Gia,Tú,Male
Tạ Kim Khanh,Tạ,Kim,Khanh,Female
Phạm Thanh Anh,Phạm,Thanh,Anh,Male
Huỳnh Lan Nhật,Huỳnh,Lan,Nhật,Female
Đỗ Hữu An,Đỗ,Hữu,An,Male
Vũ Kim Tú,Vũ,Kim,Tú,Female
Lê Thanh Tiến,Lê,Thanh,Tiến,Male
Vũ Thu Hà,Vũ,Thu,Hà,Female
Phạm Trung Cường,Phạm,Trung,Cường,Male
Đỗ Đức Thịnh,Đỗ,Đức,Thịnh,Male
Vũ Ngọc Ánh,Vũ,Ngọc,Ánh,Female
Huỳnh Xuân Sơn,Huỳnh,Xuân,Sơn,Male
Lê Thanh Khanh,Lê,Thanh,Khanh,Female
Tạ Bảo Phước,Tạ,Bảo,Phước,Male
Tạ Khắc Thắng,Tạ,Khắc,Thắng,Male
Bùi Như Khanh,Bùi,Như,Khanh,Female
Dương Hữu Bình,Dương,Hữu,Bình,Male
Đặng Bảo Phúc,Đặng,Bảo,Phúc,Male
Đỗ Diệu Hoa,Đỗ,Diệu,Hoa,Female
Dương Văn Tuấn,Dương,Văn,Tuấn,Male
Đặng Hữu Thịnh,Đặng,Hữu,Thịnh,Male
Lê Ánh Thuỷ,Lê,Ánh,Thuỷ,Female
Dương Ánh Loan,Dương,Ánh,Loan,Female
Trần Mai Mỹ,Trần,Mai,Mỹ,Female
Bùi Ánh Bích,Bùi,Ánh,Bích,Female
Trần Mai Thủy,Trần,Mai,Thủy,Female
Bùi Bích Lan,Bùi,Bích,Lan,Female
Huỳnh Thị Thu,Huỳnh,Thị,Thu,Female
Dương Diệu Hồng,Dương,Diệu,Hồng,Female
Đỗ Thu Quỳnh,Đỗ,Thu,Quỳnh,Female
Bùi Khắc Hạo,Bùi,Khắc,Hạo,Male
Bùi Hữu Khánh,Bùi,Hữu,Khánh,Male
Hồ Anh Đạt,Hồ,Anh,Đạt,Male
Mai Như Ánh,Mai,Như,Ánh,Female
Tạ Khắc Sơn,Tạ,Khắc,Sơn,Male
Đặng Trinh Trúc,Đặng,Trinh,Trúc,Female
Lê Anh Trí,Lê,Anh,Trí,Male
Bùi Gia Khoa,Bùi,Gia,Khoa,Male
Lâm Ngọc Ngân,Lâm,Ngọc,Ngân,Female
Nguyễn Thu Thảo,Nguyễn,Thu,Thảo,Female
Phan Đức Đức,Phan,Đức,Đức,Male
Hoàng Quốc Dũng,Hoàng,Quốc,Dũng,Male
Phạm Trung Hải,Phạm,Trung,Hải,Male
Lâm Thị My,Lâm,Thị,My,Female
Mai Thanh Thuỷ,Mai,Thanh,Thuỷ,Female
Huỳnh Quốc Sáng,Huỳnh,Quốc,Sáng,Male
Huỳnh Bích Anh,Huỳnh,Bích,Anh,Female
Đỗ Khắc Trung,Đỗ,Khắc,Trung,Male
Mai Hương Anh,Mai,Hương,Anh,Female
Vũ Anh Bình,Vũ,Anh,Bình,Male
Phan Thu Mỹ,Phan,Thu,Mỹ,Female
Dương Lan Quỳnh,Dương,Lan,Quỳnh,Female
Lâm Diệu Uyên,Lâm,Diệu,Uyên,Female
Phan Lan Thuỷ,Phan,Lan,Thuỷ,Female
Võ Văn Thịnh,Võ,Văn,Thịnh,Male
Đỗ Trung Long,Đỗ,Trung,Long,Male
Lâm Như Phương,Lâm,Như,Phương,Female
Huỳnh Anh Phong,Huỳnh,Anh,Phong,Male
Hoàng Như Ngân,Hoàng,Như,Ngân,Female
Vũ Gia Phong,Vũ,Gia,Phong,Male
Nguyễn Kim Nhung,Nguyễn,Kim,Nhung,Female
Đỗ Minh Kiên,Đỗ,Minh,Kiên,Male
Đỗ Thùy Hương,Đỗ,Thùy,Hương,Female
Phạm Gia Thịnh,Phạm,Gia,Thịnh,Male
Hoàng Quốc Hùng,Hoàng,Quốc,Hùng,Male
Lý Vĩnh Khoa,Lý,Vĩnh,Khoa,Male
Lý Mai Nhật,Lý,Mai,Nhật,Female
Lê Văn Đạt,Lê,Văn,Đạt,Male
Hoàng Trung Hạo,Hoàng,Trung,Hạo,Male
Phạm Lan Quỳnh,Phạm,Lan,Quỳnh,Female
Phạm Văn Trung,Phạm,Văn,Trung,Male
Mai Tuấn Dũng,Mai,Tuấn,Dũng,Male
Lý Xuân Hải,Lý,Xuân,Hải,Male
Lâm Xuân Trung,Lâm,Xuân,Trung,Male
Đặng Kim Linh,Đặng,Kim,Linh,Female
Vũ Ánh Uyên,Vũ,Ánh,Uyên,Female
Lê Trung Khôi,Lê,Trung,Khôi,Male
Lâm Trung Cường,Lâm,Trung,Cường,Male
Lâm Diệu Hương,Lâm,Diệu,Hương,Female
Lý Văn Thắng,Lý,Văn,Thắng,Male
Đỗ Anh Anh,Đỗ,Anh,Anh,Male
Lê Đức Trung,Lê,Đức,Trung,Male
Phạm Lan Tú,Phạm,Lan,Tú,Female
Bùi Thanh Trang,Bùi,Thanh,Trang,Female
Bùi Gia Thịnh,Bùi,Gia,Thịnh,Male
Dương Vĩnh Bình,Dương,Vĩnh,Bình,Male
Hoàng Ngọc Khánh,Hoàng,Ngọc,Khánh,Female
Phan Văn Thiện,Phan,Văn,Thiện,Male
Bùi Phương Thảo,Bùi,Phương,Thảo,Female
Trương Mai Yến,Trương,Mai,Yến,Female
Phan Anh Nam,Phan,Anh,Nam,Male
Trần Như My,Trần,Như,My,Female
Đỗ Thanh Lâm,Đỗ,Thanh,Lâm,Male
Hồ Thu Vy,Hồ,Thu,Vy,Female
Lý Đức Hoài,Lý,Đức,Hoài,Male
Lê Vĩnh An,Lê,Vĩnh,An,Male
Mai Gia Hoàng,Mai,Gia,Hoàng,Male
Bùi Ngọc Lan,Bùi,Ngọc,Lan,Female
Đặng Anh Phong,Đặng,Anh,Phong,Male
Ngô Thanh Anh,Ngô,Thanh,Anh,Female
Trần Vĩnh Nam,Trần,Vĩnh,Nam,Male
Ngô Hương Khanh,Ngô,Hương,Khanh,Female
Trần Ngọc Khanh,Trần,Ngọc,Khanh,Female
Lâm Bảo Hiếu,Lâm,Bảo,Hiếu,Male
Hoàng Như Thuỷ,Hoàng,Như,Thuỷ,Female
Dương Thị Mai,Dương,Thị,Mai,Female
Đỗ Đức Kiên,Đỗ,Đức,Kiên,Male
Trần Ánh Ánh,Trần,Ánh,Ánh,Female
Đỗ Thu Anh,Đỗ,Thu,Anh,Female
Tạ Thanh Hồng,Tạ,Thanh,Hồng,Female
Bùi Khắc Phúc,Bùi,Khắc,Phúc,Male
Phạm Văn Hoàng,Phạm,Văn,Hoàng,Male
Hồ Phúc Trí,Hồ,Phúc,Trí,Male
Võ Vĩnh Phong,Võ,Vĩnh,Phong,Male
Mai Anh Đức,Mai,Anh,Đức,Male
Hoàng Gia Dũng,Hoàng,Gia,Dũng,Male
Dương Hữu Tú,Dương,Hữu,Tú,Male
Lê Diệu Nga,Lê,Diệu,Nga,Female
Đặng Gia Hiếu,Đặng,Gia,Hiếu,Male
Huỳnh Lan Giang,Huỳnh,Lan,Giang,Female
Phạm Thùy Mai,Phạm,Thùy,Mai,Female
Lý Văn Khôi,Lý,Văn,Khôi,Male
Đỗ Mai Loan,Đỗ,Mai,Loan,Female
Lê Hữu Tiến,Lê,Hữu,Tiến,Male
Lý Trung Vinh,Lý,Trung,Vinh,Male
Tạ Ngọc Mai,Tạ,Ngọc,Mai,Female
Lê Mai Khánh,Lê,Mai,Khánh,Female
Đỗ Thanh Loan,Đỗ,Thanh,Loan,Female
Huỳnh Lan Mai,Huỳnh,Lan,Mai,Female
Trần Gia Huy,Trần,Gia,Huy,Male
Đặng Thanh Hà,Đặng,Thanh,Hà,Female
Vũ Đức Hoài,Vũ,Đức,Hoài,Male
Lê Hương Ngọc,Lê,Hương,Ngọc,Female
Trương Hương Mai,Trương,Hương,Mai,Female
Mai Diệu Lan,Mai,Diệu,Lan,Female
Huỳnh Ánh Tú,Huỳnh,Ánh,Tú,Female
Mai Vĩnh Hạo,Mai,Vĩnh,Hạo,Male
Tạ Văn Anh,Tạ,Văn,Anh,Male
Tạ Anh Thịnh,Tạ,Anh,Thịnh,Male
Tạ Thanh Sáng,Tạ,Thanh,Sáng,Male
Lý Phương Khanh,Lý,Phương,Khanh,Female
Đặng Mai Thu,Đặng,Mai,Thu,Female
Hồ Hương Khánh,Hồ,Hương,Khánh,Female
Trần Quốc Phong,Trần,Quốc,Phong,Male
Dương Minh Khánh,Dương,Minh,Khánh,Male
Bùi Như Nhi,Bùi,Như,Nhi,Female
Đỗ Kim Mai,Đỗ,Kim,Mai,Female
Lâm Diệu Thủy,Lâm,Diệu,Thủy,Female
Dương Hữu Phúc,Dương,Hữu,Phúc,Male
Hoàng Hữu Tuấn,Hoàng,Hữu,Tuấn,Male
Hồ Gia Sáng,Hồ,Gia,Sáng,Male
Huỳnh Gia Tú,Huỳnh,Gia,Tú,Male
Bùi Thùy Hà,Bùi,Thùy,Hà,Female
Lâm Tuấn Đức,Lâm,Tuấn,Đức,Male
Lý Thị Lan,Lý,Thị,Lan,Female
Lâm Mai Thu,Lâm,Mai,Thu,Female
Đỗ Văn Tuấn,Đỗ,Văn,Tuấn,Male
Mai Phúc Thịnh,Mai,Phúc,Thịnh,Male
Đặng Diệu Linh,Đặng,Diệu,Linh,Female
Ngô Thanh Yến,Ngô,Thanh,Yến,Female
Hồ Thu Trang,Hồ,Thu,Trang,Female
Tạ Trung Thiện,Tạ,Trung,Thiện,Male
Đặng Hữu Kiên,Đặng,Hữu,Kiên,Male
Trương Hương Nhật,Trương,Hương,Nhật,Female
Phạm Thanh Thủy,Phạm,Thanh,Thủy,Female
Bùi Trung Khôi,Bùi,Trung,Khôi,Male
Phan Ánh Thi,Phan,Ánh,Thi,Female
Trần Văn Hùng,Trần,Văn,Hùng,Male
Bùi Bảo Bình,Bùi,Bảo,Bình,Male
Hoàng Ánh Thi,Hoàng,Ánh,Thi,Female
Mai Đức Hiếu,Mai,Đức,Hiếu,Male
Mai Vĩnh Tiến,Mai,Vĩnh,Tiến,Male
Lâm Như Thi,Lâm,Như,Thi,Female
Tạ Hương Bích,Tạ,Hương,Bích,Female
Đỗ Thu Phương,Đỗ,Thu,Phương,Female
Tạ Hương Khanh,Tạ,Hương,Khanh,Female
Lý Anh Thịnh,Lý,Anh,Thịnh,Male
Tạ Ánh Diễm,Tạ,Ánh,Diễm,Female
Tạ Mai Hà,Tạ,Mai,Hà,Female
Mai Lan Lộc,Mai,Lan,Lộc,Female
Vũ Văn Văn,Vũ,Văn,Văn,Male
Phạm Thùy Hương,Phạm,Thùy,Hương,Female
Ngô Quốc Vinh,Ngô,Quốc,Vinh,Male
Ngô Diệu Nhật,Ngô,Diệu,Nhật,Female
Trần Bích Mai,Trần,Bích,Mai,Female
Trương Thu Bích,Trương,Thu,Bích,Female
Bùi Thanh Khánh,Bùi,Thanh,Khánh,Female
Bùi Diệu Hạnh,Bùi,Diệu,Hạnh,Female
Võ Ánh Bích,Võ,Ánh,Bích,Female
Vũ Anh Trí,Vũ,Anh,Trí,Male
Đặng Bảo Nhân,Đặng,Bảo,Nhân,Male
Lý Thu Bích,Lý,Thu,Bích,Female
Võ Anh Huy,Võ,Anh,Huy,Male
Trương Kim Trúc,Trương,Kim,Trúc,Female
Hoàng Hương Trang,Hoàng,Hương,Trang,Female
Lê Đức Phong,Lê,Đức,Phong,Male
Lý Thùy Ngọc,Lý,Thùy,Ngọc,Female
Võ Phương Loan,Võ,Phương,Loan,Female
Hoàng Ngọc Nhật,Hoàng,Ngọc,Nhật,Female
Vũ Thùy Nhung,Vũ,Thùy,Nhung,Female
Lâm Thùy Khanh,Lâm,Thùy,Khanh,Female
Phạm Thanh Khánh,Phạm,Thanh,Khánh,Male
Phạm Trinh Mai,Phạm,Trinh,Mai,Female
Trương Phúc Hiếu,Trương,Phúc,Hiếu,Male
Lý Tuấn Thịnh,Lý,Tuấn,Thịnh,Male
Đặng Đức Nhân,Đặng,Đức,Nhân,Male
Lê Trinh Mỹ,Lê,Trinh,Mỹ,Female
Trần Phúc Hoàng,Trần,Phúc,Hoàng,Male
Huỳnh Phúc Hùng,Huỳnh,Phúc,Hùng,Male
Hồ Lan Ly,Hồ,Lan,Ly,Female
Đặng Phúc Hùng,Đặng,Phúc,Hùng,Male
Tạ Xuân Long,Tạ,Xuân,Long,Male
Bùi Hương Khánh,Bùi,Hương,Khánh,Female
Trương Diệu Ly,Trương,Diệu,Ly,Female
Hoàng Như Thi,Hoàng,Như,Thi,Female
Phan Bảo Huy,Phan,Bảo,Huy,Male
Dương Khắc Đạt,Dương,Khắc,Đạt,Male
Nguyễn Bích My,Nguyễn,Bích,My,Female
Tạ Trinh Ngọc,Tạ,Trinh,Ngọc,Female
Hồ Gia An,Hồ,Gia,An,Male
Lê Kim Thủy,Lê,Kim,Thủy,Female
Hoàng Tuấn Tú,Hoàng,Tuấn,Tú,Male
Nguyễn Hương Lộc,Nguyễn,Hương,Lộc,Female
Võ Đức Tiến,Võ,Đức,Tiến,Male
Tạ Thị Yến,Tạ,Thị,Yến,Female
Vũ Thị Phương,Vũ,Thị,Phương,Female
Huỳnh Thanh Cường,Huỳnh,Thanh,Cường,Male
Đặng Bích Phương,Đặng,Bích,Phương,Female
Đặng Thu Nhật,Đặng,Thu,Nhật,Female
Hoàng Tuấn Sơn,Hoàng,Tuấn,Sơn,Male
Mai Đức Vinh,Mai,Đức,Vinh,Male
Lý Lan Nga,Lý,Lan,Nga,Female
Phan Lan Thu,Phan,Lan,Thu,Female
Mai Như Lan,Mai,Như,Lan,Female
Lâm Bích Giang,Lâm,Bích,Giang,Female
Tạ Hữu Tuấn,Tạ,Hữu,Tuấn,Male
Lâm Thùy Mỹ,Lâm,Thùy,Mỹ,Female
Huỳnh Thu Hồng,Huỳnh,Thu,Hồng,Female
Phan Vĩnh Phước,Phan,Vĩnh,Phước,Male
Lâm Tuấn Tuấn,Lâm,Tuấn,Tuấn,Male
Lâm Thanh Khang,Lâm,Thanh,Khang,Male
Trương Mai Thảo,Trương,Mai,Thảo,Female
Hồ Hương Linh,Hồ,Hương,Linh,Female
Tạ Ngọc Trang,Tạ,Ngọc,Trang,Female
Lê Trung Tuấn,Lê,Trung,Tuấn,Male
Lê Phương Bích,Lê,Phương,Bích,Female
Ngô Quốc Khoa,Ngô,Quốc,Khoa,Male
Ngô Thu Lộc,Ngô,Thu,Lộc,Female
Hồ Thanh Quang,Hồ,Thanh,Quang,Male
Trương Thanh Hạnh,Trương,Thanh,Hạnh,Female
Trương Thanh Hoài,Trương,Thanh,Hoài,Male
Vũ Gia Minh,Vũ,Gia,Minh,Male
Đặng Mai Nga,Đặng,Mai,Nga,Female
Hồ Gia Trọng,Hồ,Gia,Trọng,Male
Đỗ Quốc Phúc,Đỗ,Quốc,Phúc,Male
Phạm Văn Hoàn,Phạm,Văn,Hoàn,Male
Nguyễn Minh Bảo,Nguyễn,Minh,Bảo,Male
Mai Văn Phong,Mai,Văn,Phong,Male
Trần Thùy Trang,Trần,Thùy,Trang,Female
Vũ Trung Bảo,Vũ,Trung,Bảo,Male
Trần Thanh Thi,Trần,Thanh,Thi,Female
Vũ Như Mỹ,Vũ,Như,Mỹ,Female
Mai Bảo Tú,Mai,Bảo,Tú,Male
Hoàng Khắc Hoài,Hoàng,Khắc,Hoài,Male
Đặng Anh Tuấn,Đặng,Anh,Tuấn,Male
Tạ Phương Vy,Tạ,Phương,Vy,Female
Ngô Diệu Ly,Ngô,Diệu,Ly,Female
Đỗ Khắc Hoàn,Đỗ,Khắc,Hoàn,Male
Lâm Đức Vinh,Lâm,Đức,Vinh,Male
Đặng Thanh Hoàng,Đặng,Thanh,Hoàng,Male
Lý Thùy Diễm,Lý,Thùy,Diễm,Female
Hoàng Bảo Khang,Hoàng,Bảo,Khang,Male
Trương Kim Uyên,Trương,Kim,Uyên,Female
Hoàng Kim Thu,Hoàng,Kim,Thu,Female
Bùi Khắc Quang,Bùi,Khắc,Quang,Male
Đỗ Ngọc Nga,Đỗ,Ngọc,Nga,Female
Phan Thị Như,Phan,Thị,Như,Female
Mai Xuân Hùng,Mai,Xuân,Hùng,Male
Phan Lan Tú,Phan,Lan,Tú,Female
Trương Thùy Bích,Trương,Thùy,Bích,Female
Bùi Anh Minh,Bùi,Anh,Minh,Male
Phan Vĩnh Huy,Phan,Vĩnh,Huy,Male
Lý Phương Thu,Lý,Phương,Thu,Female
Phan Kim Thu,Phan,Kim,Thu,Female
Đặng Kim Khánh,Đặng,Kim,Khánh,Female
Đỗ Hương Yến,Đỗ,Hương,Yến,Female
Lý Tuấn Long,Lý,Tuấn,Long,Male
Lý Lan Nhi,Lý,Lan,Nhi,Female
Đỗ Thu Uyên,Đỗ,Thu,Uyên,Female
Vũ Vĩnh Sơn,Vũ,Vĩnh,Sơn,Male
Trương Phúc Phước,Trương,Phúc,Phước,Male
Ngô Hương Ánh,Ngô,Hương,Ánh,Female
Vũ Thanh Văn,Vũ,Thanh,Văn,Male
Lý Diệu My,Lý,Diệu,My,Female
Lý Vĩnh Thịnh,Lý,Vĩnh,Thịnh,Male
Dương Thanh Hạnh,Dương,Thanh,Hạnh,Female
Trương Tuấn Hoàng,Trương,Tuấn,Hoàng,Male
Trương Trinh Nhung,Trương,Trinh,Nhung,Female
Lê Như Nhung,Lê,Như,Nhung,Female
Ngô Thanh Khanh,Ngô,Thanh,Khanh,Female
Hoàng Văn Bảo,Hoàng,Văn,Bảo,Male
Đỗ Thị Nhật,Đỗ,Thị,Nhật,Female
Mai Phương Bích,Mai,Phương,Bích,Female
Nguyễn Thị Nga,Nguyễn,Thị,Nga,Female
Nguyễn Thị Hồng,Nguyễn,Thị,Hồng,Female
Trương Hương Hương,Trương,Hương,Hương,Female
Ngô Lan Vy,Ngô,Lan,Vy,Female
Phạm Trung Sơn,Phạm,Trung,Sơn,Male
Mai Trung Đạt,Mai,Trung,Đạt,Male
Võ Lan Trúc,Võ,Lan,Trúc,Female
Hồ Tuấn Văn,Hồ,Tuấn,Văn,Male
Vũ Anh Quang,Vũ,Anh,Quang,Male
Trần Ngọc Trúc,Trần,Ngọc,Trúc,Female
Trương Tuấn Tuấn,Trương,Tuấn,Tuấn,Male
Huỳnh Ngọc Ly,Huỳnh,Ngọc,Ly,Female
Bùi Ánh Thủy,Bùi,Ánh,Thủy,Female
Trần Thùy Trâm,Trần,Thùy,Trâm,Female
Tạ Mai Như,Tạ,Mai,Như,Female
Lê Khắc Phúc,Lê,Khắc,Phúc,Male
Tạ Trinh Trang,Tạ,Trinh,Trang,Female
Bùi Văn Bảo,Bùi,Văn,Bảo,Male
Hồ Phương Hoa,Hồ,Phương,Hoa,Female
Tạ Minh Văn,Tạ,Minh,Văn,Male
Hồ Trinh Nga,Hồ,Trinh,Nga,Female
Hoàng Bảo Quang,Hoàng,Bảo,Quang,Male
Đỗ Thị Thủy,Đỗ,Thị,Thủy,Female
Lê Đức Hạo,Lê,Đức,Hạo,Male
Mai Kim Nhi,Mai,Kim,Nhi,Female
Võ Bảo Phong,Võ,Bảo,Phong,Male
Đỗ Trung Kiên,Đỗ,Trung,Kiên,Male
Tạ Khắc Kiên,Tạ,Khắc,Kiên,Male
Mai Anh Trung,Mai,Anh,Trung,Male
Lê Hương Ánh,Lê,Hương,Ánh,Female
Hoàng Vĩnh Kiên,Hoàng,Vĩnh,Kiên,Male
Phạm Hữu Minh,Phạm,Hữu,Minh,Male
Dương Thu Như,Dương,Thu,Như,Female
Lê Quốc An,Lê,Quốc,An,Male
Trương Trung Vinh,Trương,Trung,Vinh,Male
Lê Đức Trí,Lê,Đức,Trí,Male
Mai Bảo Tú,Mai,Bảo,Tú,Male
Nguyễn Hương Uyên,Nguyễn,Hương,Uyên,Female
Lê Vĩnh Trí,Lê,Vĩnh,Trí,Male
Vũ Ánh Hồng,Vũ,Ánh,Hồng,Female
Hồ Quốc Khoa,Hồ,Quốc,Khoa,Male
Võ Tuấn Sơn,Võ,Tuấn,Sơn,Male
Ngô Anh Vinh,Ngô,Anh,Vinh,Male
Lê Đức Đạt,Lê,Đức,Đạt,Male
Lý Ánh Nhật,Lý,Ánh,Nhật,Female
Phạm Quốc Tiến,Phạm,Quốc,Tiến,Male
Hồ Đức Sáng,Hồ,Đức,Sáng,Male
Bùi Tuấn Khánh,Bùi,Tuấn,Khánh,Male
Mai Quốc Tiến,Mai,Quốc,Tiến,Male
Phan Tuấn Tú,Phan,Tuấn,Tú,Male
Hồ Đức Nhân,Hồ,Đức,Nhân,Male
Lý Ánh Thu,Lý,Ánh,Thu,Female
Võ Gia Lâm,Võ,Gia,Lâm,Male
Tạ Minh Phước,Tạ,Minh,Phước,Male
Huỳnh Trinh Loan,Huỳnh,Trinh,Loan,Female
Dương Vĩnh Bảo,Dương,Vĩnh,Bảo,Male
Đặng Gia Dũng,Đặng,Gia,Dũng,Male
Ngô Trinh Ly,Ngô,Trinh,Ly,Female
Đặng Minh Đạt,Đặng,Minh,Đạt,Male
Ngô Lan Lộc,Ngô,Lan,Lộc,Female
Mai Tuấn Phước,Mai,Tuấn,Phước,Male
Lâm Phúc Vinh,Lâm,Phúc,Vinh,Male
Đỗ Bích Nga,Đỗ,Bích,Nga,Female
Lê Ngọc Thu,Lê,Ngọc,Thu,Female
Đỗ Thanh Nhật,Đỗ,Thanh,Nhật,Female
Hồ Bảo Khánh,Hồ,Bảo,Khánh,Male
Ngô Ngọc Linh,Ngô,Ngọc,Linh,Female
Vũ Trung Hoài,Vũ,Trung,Hoài,Male
Tạ Thùy Anh,Tạ,Thùy,Anh,Female
Dương Bảo Phước,Dương,Bảo,Phước,Male
Hoàng Thu Hương,Hoàng,Thu,Hương,Female
Đặng Thanh Quang,Đặng,Thanh,Quang,Male
Hoàng Đức Tiến,Hoàng,Đức,Tiến,Male
Phan Trung Bình,Phan,Trung,Bình,Male
Phạm Tuấn Phong,Phạm,Tuấn,Phong,Male
Đặng Văn Huy,Đặng,Văn,Huy,Male
Bùi Khắc Long,Bùi,Khắc,Long,Male
Huỳnh Phương Thu,Huỳnh,Phương,Thu,Female
Trương Thanh My,Trương,Thanh,My,Female
Dương Thùy Trúc,Dương,Thùy,Trúc,Female
Huỳnh Trinh Ngân,Huỳnh,Trinh,Ngân,Female
Mai Phúc Thiện,Mai,Phúc,Thiện,Male
Ngô Thanh Minh,Ngô,Thanh,Minh,Male
Phan Hương Hoa,Phan,Hương,Hoa,Female
Trương Thanh Giang,Trương,Thanh,Giang,Female
Dương Hữu Đạt,Dương,Hữu,Đạt,Male
Lý Diệu Khanh,Lý,Diệu,Khanh,Female
Hồ Xuân Lâm,Hồ,Xuân,Lâm,Male
Đỗ Thu Khánh,Đỗ,Thu,Khánh,Female
Đặng Phương Nhật,Đặng,Phương,Nhật,Female
Hoàng Thu Phương,Hoàng,Thu,Phương,Female
Phạm Quốc Khôi,Phạm,Quốc,Khôi,Male
Lâm Kim Uyên,Lâm,Kim,Uyên,Female
Tạ Kim Ngân,Tạ,Kim,Ngân,Female
Trương Vĩnh Thịnh,Trương,Vĩnh,Thịnh,Male
Huỳnh Diệu Hà,Huỳnh,Diệu,Hà,Female
Hoàng Quốc Tú,Hoàng,Quốc,Tú,Male
Mai Thị Hạnh,Mai,Thị,Hạnh,Female
Lý Thanh Ngọc,Lý,Thanh,Ngọc,Female
Trương Diệu Ly,Trương,Diệu,Ly,Female
Lý Thanh Phong,Lý,Thanh,Phong,Male
Lê Xuân Anh,Lê,Xuân,Anh,Male
Vũ Hương Trang,Vũ,Hương,Trang,Female
Trương Anh Hiếu,Trương,Anh,Hiếu,Male
Tạ Bích Ly,Tạ,Bích,Ly,Female
Phạm Ánh Phương,Phạm,Ánh,Phương,Female
Trương Gia Khôi,Trương,Gia,Khôi,Male
Trần Lan Anh,Trần,Lan,Anh,Female
Ngô Ngọc Thu,Ngô,Ngọc,Thu,Female
Trần Tuấn Đạt,Trần,Tuấn,Đạt,Male
Lê Tuấn Huy,Lê,Tuấn,Huy,Male
Vũ Thùy Tú,Vũ,Thùy,Tú,Female
Mai Trinh Ngân,Mai,Trinh,Ngân,Female
Hoàng Bảo Bảo,Hoàng,Bảo,Bảo,Male
Trần Ánh Hạnh,Trần,Ánh,Hạnh,Female
Mai Diệu Hà,Mai,Diệu,Hà,Female
Đặng Anh Văn,Đặng,Anh,Văn,Male
Lâm Phúc Long,Lâm,Phúc,Long,Male
Ngô Phúc Tuấn,Ngô,Phúc,Tuấn,Male
Hoàng Bích Mai,Hoàng,Bích,Mai,Female
Bùi Gia Trung,Bùi,Gia,Trung,Male
Hồ Mai Ánh,Hồ,Mai,Ánh,Female
Võ Trinh Uyên,Võ,Trinh,Uyên,Female
Lê Khắc Quang,Lê,Khắc,Quang,Male
Võ Vĩnh Khôi,Võ,Vĩnh,Khôi,Male
Lý Đức Phước,Lý,Đức,Phước,Male
Lê Vĩnh Khang,Lê,Vĩnh,Khang,Male
Đỗ Như Hoa,Đỗ,Như,Hoa,Female
Hồ Thùy Ngân,Hồ,Thùy,Ngân,Female
Lý Hương Nhi,Lý,Hương,Nhi,Female
Bùi Diệu Mỹ,Bùi,Diệu,Mỹ,Female
Lý Bảo Khánh,Lý,Bảo,Khánh,Male
Trần Thị Thủy,Trần,Thị,Thủy,Female
Dương Thị Phương,Dương,Thị,Phương,Female
Huỳnh Mai Khánh,Huỳnh,Mai,Khánh,Female
Ngô Minh Khoa,Ngô,Minh,Khoa,Male
Đặng Thanh Như,Đặng,Thanh,Như,Female
Đỗ Anh Quang,Đỗ,Anh,Quang,Male
Huỳnh Văn Lâm,Huỳnh,Văn,Lâm,Male
Vũ Kim Lan,Vũ,Kim,Lan,Female
Nguyễn Thùy Bích,Nguyễn,Thùy,Bích,Female
Tạ Minh Hoài,Tạ,Minh,Hoài,Male
Nguyễn Thị My,Nguyễn,Thị,My,Female
Ngô Bích Mai,Ngô,Bích,Mai,Female
Vũ Thanh Quang,Vũ,Thanh,Quang,Male
Phạm Ngọc Nhi,Phạm,Ngọc,Nhi,Female
Đặng Quốc Kiên,Đặng,Quốc,Kiên,Male
Hoàng Trinh Ánh,Hoàng,Trinh,Ánh,Female
Tạ Văn Sáng,Tạ,Văn,Sáng,Male
Dương Thu Trâm,Dương,Thu,Trâm,Female
Hoàng Phương Uyên,Hoàng,Phương,Uyên,Female
Dương Như Trâm,Dương,Như,Trâm,Female
Phạm Quốc Huy,Phạm,Quốc,Huy,Male
Hồ Thu Ngân,Hồ,Thu,Ngân,Female
Hoàng Minh Phúc,Hoàng,Minh,Phúc,Male
Vũ Diệu Thuỷ,Vũ,Diệu,Thuỷ,Female
Mai Hương Hương,Mai,Hương,Hương,Female
Đặng Thùy Hồng,Đặng,Thùy,Hồng,Female
Phan Bích Trúc,Phan,Bích,Trúc,Female
Trần Bảo Trung,Trần,Bảo,Trung,Male
Phạm Minh Đức,Phạm,Minh,Đức,Male
Lê Diệu Linh,Lê,Diệu,Linh,Female
Bùi Thanh Lộc,Bùi,Thanh,Lộc,Female
Tạ Kim Giang,Tạ,Kim,Giang,Female
Huỳnh Lan Bích,Huỳnh,Lan,Bích,Female
Lê Thị Tú,Lê,Thị,Tú,Female
Võ Minh Hùng,Võ,Minh,Hùng,Male
Hồ Diệu Quỳnh,Hồ,Diệu,Quỳnh,Female
Lâm Lan Uyên,Lâm,Lan,Uyên,Female
Hồ Hữu Thắng,Hồ,Hữu,Thắng,Male
Mai Thanh Như,Mai,Thanh,Như,Female
Lê Trung Bảo,Lê,Trung,Bảo,Male
Hoàng Diệu Nhi,Hoàng,Diệu,Nhi,Female
Lê Anh An,Lê,Anh,An,Male
Vũ Thị Thu,Vũ,Thị,Thu,Female
Ngô Hữu Khang,Ngô,Hữu,Khang,Male
Trần Hương Vy,Trần,Hương,Vy,Female
Hoàng Vĩnh Minh,Hoàng,Vĩnh,Minh,Male
Đỗ Trung Hoài,Đỗ,Trung,Hoài,Male
Võ Thanh Giang,Võ,Thanh,Giang,Female
Võ Vĩnh Huy,Võ,Vĩnh,Huy,Male
Nguyễn Thu Ngân,Nguyễn,Thu,Ngân,Female
Lê Anh Văn,Lê,Anh,Văn,Male
Lý Mai Thi,Lý,Mai,Thi,Female
Lý Gia Văn,Lý,Gia,Văn,Male
Huỳnh Anh Long,Huỳnh,Anh,Long,Male
Phạm Thùy Thi,Phạm,Thùy,Thi,Female
Nguyễn Minh Hùng,Nguyễn,Minh,Hùng,Male
Hồ Phúc Sơn,Hồ,Phúc,Sơn,Male
Trần Trung Thịnh,Trần,Trung,Thịnh,Male
Bùi Minh Vinh,Bùi,Minh,Vinh,Male
Bùi Hương Hoa,Bùi,Hương,Hoa,Female
Phạm Diệu Nhung,Phạm,Diệu,Nhung,Female
Lâm Văn Lâm,Lâm,Văn,Lâm,Male
Dương Gia Nhân,Dương,Gia,Nhân,Male
Đặng Thu Lan,Đặng,Thu,Lan,Female
Nguyễn Thu Ngọc,Nguyễn,Thu,Ngọc,Female
Đặng Vĩnh Sáng,Đặng,Vĩnh,Sáng,Male
Đỗ Xuân Đức,Đỗ,Xuân,Đức,Male
Phan Bích Nga,Phan,Bích,Nga,Female
Vũ Thanh Linh,Vũ,Thanh,Linh,Female
Nguyễn Thùy Nga,Nguyễn,Thùy,Nga,Female
Nguyễn Đức Minh,Nguyễn,Đức,Minh,Male
Hồ Như Thảo,Hồ,Như,Thảo,Female
Lâm Minh Vinh,Lâm,Minh,Vinh,Male
Trần Quốc Phúc,Trần,Quốc,Phúc,Male
Vũ Phúc Hoài,Vũ,Phúc,Hoài,Male
Đỗ Tuấn Quang,Đỗ,Tuấn,Quang,Male
Lâm Thanh Khanh,Lâm,Thanh,Khanh,Female
Lê Ánh Mỹ,Lê,Ánh,Mỹ,Female
Hoàng Minh Nhân,Hoàng,Minh,Nhân,Male
Bùi Phúc Lâm,Bùi,Phúc,Lâm,Male
Bùi Thu Anh,Bùi,Thu,Anh,Female
Lê Minh Khoa,Lê,Minh,Khoa,Male
Tạ Ngọc Ánh,Tạ,Ngọc,Ánh,Female
Dương Tuấn Tú,Dương,Tuấn,Tú,Male
Trương Đức Bảo,Trương,Đức,Bảo,Male
Dương Anh Huy,Dương,Anh,Huy,Male
Đặng Gia Hạo,Đặng,Gia,Hạo,Male
Bùi Quốc Quang,Bùi,Quốc,Quang,Male
Đỗ Kim Thi,Đỗ,Kim,Thi,Female
Đặng Anh Hoàng,Đặng,Anh,Hoàng,Male
Hồ Gia Phong,Hồ,Gia,Phong,Male
Trương Thùy Thủy,Trương,Thùy,Thủy,Female
Hoàng Hữu Minh,Hoàng,Hữu,Minh,Male
Vũ Quốc Thiện,Vũ,Quốc,Thiện,Male
Đỗ Trinh Khanh,Đỗ,Trinh,Khanh,Female
Lê Ánh Tú,Lê,Ánh,Tú,Female
Lê Văn Dũng,Lê,Văn,Dũng,Male
Dương Bảo Khoa,Dương,Bảo,Khoa,Male
Bùi Hữu Hùng,Bùi,Hữu,Hùng,Male
Trần Thanh Mỹ,Trần,Thanh,Mỹ,Female
Hồ Tuấn Anh,Hồ,Tuấn,Anh,Male
Ngô Quốc Nam,Ngô,Quốc,Nam,Male
Huỳnh Anh Phúc,Huỳnh,Anh,Phúc,Male
Hoàng Văn Sáng,Hoàng,Văn,Sáng,Male
Vũ Trinh Quỳnh,Vũ,Trinh,Quỳnh,Female
Trương Tuấn Tuấn,Trương,Tuấn,Tuấn,Male
Hồ Quốc Vinh,Hồ,Quốc,Vinh,Male
Lâm Minh Thắng,Lâm,Minh,Thắng,Male
Trương Lan Hương,Trương,Lan,Hương,Female
Đỗ Mai Nga,Đỗ,Mai,Nga,Female
Đỗ Phương Mỹ,Đỗ,Phương,Mỹ,Female
Hồ Hương Vy,Hồ,Hương,Vy,Female
Mai Minh Anh,Mai,Minh,Anh,Male
Võ Thị Bích,Võ,Thị,Bích,Female
Tạ Thùy Hà,Tạ,Thùy,Hà,Female
Vũ Anh Hải,Vũ,Anh,Hải,Male
Trần Lan Diễm,Trần,Lan,Diễm,Female
Hồ Thu Vy,Hồ,Thu,Vy,Female
Tạ Đức Nam,Tạ,Đức,Nam,Male
Nguyễn Bích Hạnh,Nguyễn,Bích,Hạnh,Female
Tạ Thanh Mỹ,Tạ,Thanh,Mỹ,Female
Lý Diệu Thảo,Lý,Diệu,Thảo,Female
Trần Hữu Tuấn,Trần,Hữu,Tuấn,Male
Vũ Văn Hoài,Vũ,Văn,Hoài,Male
Bùi Phúc Sáng,Bùi,Phúc,Sáng,Male
Hoàng Đức Hoàng,Hoàng,Đức,Hoàng,Male
Bùi Thị Hương,Bùi,Thị,Hương,Female
Hoàng Bảo Huy,Hoàng,Bảo,Huy,Male
Đỗ Ngọc Giang,Đỗ,Ngọc,Giang,Female
Hồ Ánh Thủy,Hồ,Ánh,Thủy,Female
Bùi Quốc Hiếu,Bùi,Quốc,Hiếu,Male
Ngô Lan Khanh,Ngô,Lan,Khanh,Female
Bùi Thanh Loan,Bùi,Thanh,Loan,Female
Mai Lan Hạnh,Mai,Lan,Hạnh,Female
Tạ Gia Hoàng,Tạ,Gia,Hoàng,Male
Đặng Quốc Hoàng,Đặng,Quốc,Hoàng,Male
Tạ Kim Mỹ,Tạ,Kim,Mỹ,Female
Mai Đức Sáng,Mai,Đức,Sáng,Male
Tạ Hữu Đức,Tạ,Hữu,Đức,Male
Lê Minh Nam,Lê,Minh,Nam,Male
Huỳnh Trinh Lan,Huỳnh,Trinh,Lan,Female
Bùi Mai Linh,Bùi,Mai,Linh,Female
Vũ Vĩnh Dũng,Vũ,Vĩnh,Dũng,Male
Phạm Vĩnh Minh,Phạm,Vĩnh,Minh,Male
Dương Vĩnh Vinh,Dương,Vĩnh,Vinh,Male
Ngô Mai Lộc,Ngô,Mai,Lộc,Female
Hồ Hữu Bình,Hồ,Hữu,Bình,Male
Tạ Trinh Diễm,Tạ,Trinh,Diễm,Female
Lê Bảo Hùng,Lê,Bảo,Hùng,Male
Bùi Anh Long,Bùi,Anh,Long,Male
Huỳnh Phúc Kiên,Huỳnh,Phúc,Kiên,Male
Lê Trung Quang,Lê,Trung,Quang,Male
Mai Phúc Bình,Mai,Phúc,Bình,Male
Ngô Trinh Hà,Ngô,Trinh,Hà,Female
Ngô Thanh Nhung,Ngô,Thanh,Nhung,Female
Phan Minh Vinh,Phan,Minh,Vinh,Male
Trương Hương Quỳnh,Trương,Hương,Quỳnh,Female
Phạm Văn Lâm,Phạm,Văn,Lâm,Male
Lý Thanh Nhung,Lý,Thanh,Nhung,Female
Ngô Hữu Nhân,Ngô,Hữu,Nhân,Male
Mai Mai Ngọc,Mai,Mai,Ngọc,Female
Phan Quốc Thắng,Phan,Quốc,Thắng,Male
Lê Tuấn Huy,Lê,Tuấn,Huy,Male
Hồ Tuấn Đức,Hồ,Tuấn,Đức,Male
Võ Ngọc Nga,Võ,Ngọc,Nga,Female
Đỗ Phúc Kiên,Đỗ,Phúc,Kiên,Male
Dương Văn Đạt,Dương,Văn,Đạt,Male
Võ Minh Phúc,Võ,Minh,Phúc,Male
Hoàng Lan Thủy,Hoàng,Lan,Thủy,Female
Đỗ Bảo Hải,Đỗ,Bảo,Hải,Male
Tạ Minh Trí,Tạ,Minh,Trí,Male
Hồ Gia Hoài,Hồ,Gia,Hoài,Male
Trương Khắc Bình,Trương,Khắc,Bình,Male
Vũ Mai Thảo,Vũ,Mai,Thảo,Female
Trần Trung Văn,Trần,Trung,Văn,Male
Tạ Trinh Nhật,Tạ,Trinh,Nhật,Female
Dương Quốc Hiếu,Dương,Quốc,Hiếu,Male
Phan Thanh Trang,Phan,Thanh,Trang,Female
Ngô Minh Thắng,Ngô,Minh,Thắng,Male
Mai Anh Tú,Mai,Anh,Tú,Male
Lê Ngọc Lộc,Lê,Ngọc,Lộc,Female
